timeStamp,elapsed,label,responseCode,responseMessage,threadName,dataType,success,failureMessage,bytes,sentBytes,grpThreads,allThreads,Latency,IdleTime,Connect
1530019213639,30,Person Login SOAP Request,200,,Number of Users 1-1,text,true,,716,533,1,1,30,0,4
1530019213670,27,Person Login SOAP Request,200,,Number of Users 1-1,text,true,,716,533,2,2,27,0,0
1530019213692,25,Person Login SOAP Request,200,,Number of Users 1-2,text,true,,716,533,1,1,24,0,1
1530019213718,14,Person Login SOAP Request,200,,Number of Users 1-2,text,true,,716,533,1,1,14,0,0
1530019213740,14,Person Login SOAP Request,200,,Number of Users 1-3,text,true,,716,533,1,1,14,0,1
1530019213755,12,Person Login SOAP Request,200,,Number of Users 1-3,text,true,,716,533,1,1,12,0,0
1530019213790,14,Person Login SOAP Request,200,,Number of Users 1-4,text,true,,716,533,1,1,14,0,0
1530019213805,12,Person Login SOAP Request,200,,Number of Users 1-4,text,true,,716,533,1,1,12,0,0
1530019213842,16,Person Login SOAP Request,200,,Number of Users 1-5,text,true,,716,533,1,1,16,0,1
1530019213859,13,Person Login SOAP Request,200,,Number of Users 1-5,text,true,,716,533,1,1,13,0,0
1530019213895,13,Person Login SOAP Request,200,,Number of Users 1-6,text,true,,716,533,1,1,13,0,0
1530019213908,12,Person Login SOAP Request,200,,Number of Users 1-6,text,true,,716,533,1,1,12,0,0
1530019213962,14,Person Login SOAP Request,200,,Number of Users 1-7,text,true,,716,533,1,1,14,0,1
1530019213977,15,Person Login SOAP Request,200,,Number of Users 1-7,text,true,,716,533,2,2,15,0,0
1530019213992,14,Person Login SOAP Request,200,,Number of Users 1-8,text,true,,716,533,1,1,14,0,1
1530019214006,13,Person Login SOAP Request,200,,Number of Users 1-8,text,true,,716,533,1,1,13,0,0
1530019214045,12,Person Login SOAP Request,200,,Number of Users 1-9,text,true,,716,533,1,1,12,0,1
1530019214058,12,Person Login SOAP Request,200,,Number of Users 1-9,text,true,,716,533,1,1,12,0,0
1530019214092,13,Person Login SOAP Request,200,,Number of Users 1-10,text,true,,716,533,1,1,13,0,1
1530019214106,13,Person Login SOAP Request,200,,Number of Users 1-10,text,true,,716,533,1,1,13,0,0
1530019214145,14,Person Login SOAP Request,200,,Number of Users 1-11,text,true,,716,533,1,1,14,0,0
1530019214159,13,Person Login SOAP Request,200,,Number of Users 1-11,text,true,,716,533,1,1,12,0,0
1530019214195,13,Person Login SOAP Request,200,,Number of Users 1-12,text,true,,716,533,1,1,12,0,0
1530019214208,12,Person Login SOAP Request,200,,Number of Users 1-12,text,true,,716,533,1,1,12,0,0
1530019214245,13,Person Login SOAP Request,200,,Number of Users 1-13,text,true,,716,533,1,1,13,0,0
1530019214259,11,Person Login SOAP Request,200,,Number of Users 1-13,text,true,,716,533,1,1,10,0,0
1530019214295,12,Person Login SOAP Request,200,,Number of Users 1-14,text,true,,716,533,1,1,12,0,0
1530019214308,12,Person Login SOAP Request,200,,Number of Users 1-14,text,true,,716,533,1,1,12,0,0
1530019214345,13,Person Login SOAP Request,200,,Number of Users 1-15,text,true,,716,533,1,1,13,0,1
1530019214358,13,Person Login SOAP Request,200,,Number of Users 1-15,text,true,,716,533,1,1,13,0,0
1530019214392,13,Person Login SOAP Request,200,,Number of Users 1-16,text,true,,716,533,1,1,13,0,1
1530019214406,12,Person Login SOAP Request,200,,Number of Users 1-16,text,true,,716,533,1,1,12,0,0
1530019214445,13,Person Login SOAP Request,200,,Number of Users 1-17,text,true,,716,533,1,1,12,0,0
1530019214458,12,Person Login SOAP Request,200,,Number of Users 1-17,text,true,,716,533,1,1,12,0,0
1530019214492,13,Person Login SOAP Request,200,,Number of Users 1-18,text,true,,716,533,1,1,13,0,1
1530019214506,12,Person Login SOAP Request,200,,Number of Users 1-18,text,true,,716,533,1,1,11,0,0
1530019214545,13,Person Login SOAP Request,200,,Number of Users 1-19,text,true,,716,533,1,1,13,0,1
1530019214558,12,Person Login SOAP Request,200,,Number of Users 1-19,text,true,,716,533,1,1,12,0,0
1530019214640,37,Person Login SOAP Request,200,,Number of Users 1-20,text,true,,716,533,2,2,37,0,2
1530019214653,32,Person Login SOAP Request,200,,Number of Users 1-21,text,true,,716,533,2,2,31,0,1
1530019214677,17,Person Login SOAP Request,200,,Number of Users 1-20,text,true,,716,533,2,2,17,0,0
1530019214686,16,Person Login SOAP Request,200,,Number of Users 1-21,text,true,,716,533,2,2,16,0,0
1530019214697,14,Person Login SOAP Request,200,,Number of Users 1-22,text,true,,716,533,1,1,14,0,1
1530019214712,11,Person Login SOAP Request,200,,Number of Users 1-22,text,true,,716,533,1,1,11,0,0
1530019214747,12,Person Login SOAP Request,200,,Number of Users 1-23,text,true,,716,533,1,1,12,0,1
1530019214759,11,Person Login SOAP Request,200,,Number of Users 1-23,text,true,,716,533,1,1,11,0,0
1530019214795,13,Person Login SOAP Request,200,,Number of Users 1-24,text,true,,716,533,1,1,12,0,0
1530019214808,11,Person Login SOAP Request,200,,Number of Users 1-24,text,true,,716,533,1,1,11,0,0
1530019214847,14,Person Login SOAP Request,200,,Number of Users 1-25,text,true,,716,533,1,1,13,0,1
1530019214861,12,Person Login SOAP Request,200,,Number of Users 1-25,text,true,,716,533,1,1,12,0,0
1530019214897,14,Person Login SOAP Request,200,,Number of Users 1-26,text,true,,716,533,1,1,14,0,1
1530019214911,12,Person Login SOAP Request,200,,Number of Users 1-26,text,true,,716,533,1,1,12,0,0
1530019214947,14,Person Login SOAP Request,200,,Number of Users 1-27,text,true,,716,533,1,1,14,0,1
1530019214962,23,Person Login SOAP Request,200,,Number of Users 1-27,text,true,,716,533,1,1,23,0,0
1530019215002,13,Person Login SOAP Request,200,,Number of Users 1-28,text,true,,716,533,1,1,13,0,1
1530019215015,11,Person Login SOAP Request,200,,Number of Users 1-28,text,true,,716,533,1,1,11,0,0
1530019215053,12,Person Login SOAP Request,200,,Number of Users 1-29,text,true,,716,533,1,1,12,0,0
1530019215065,13,Person Login SOAP Request,200,,Number of Users 1-29,text,true,,716,533,1,1,13,0,0
1530019215097,13,Person Login SOAP Request,200,,Number of Users 1-30,text,true,,716,533,1,1,12,0,1
1530019215110,11,Person Login SOAP Request,200,,Number of Users 1-30,text,true,,716,533,1,1,11,0,0
1530019215147,13,Person Login SOAP Request,200,,Number of Users 1-31,text,true,,716,533,1,1,13,0,1
1530019215160,14,Person Login SOAP Request,200,,Number of Users 1-31,text,true,,716,533,1,1,13,0,0
1530019215197,13,Person Login SOAP Request,200,,Number of Users 1-32,text,true,,716,533,1,1,13,0,1
1530019215211,11,Person Login SOAP Request,200,,Number of Users 1-32,text,true,,716,533,1,1,11,0,0
1530019215255,12,Person Login SOAP Request,200,,Number of Users 1-33,text,true,,716,533,1,1,12,0,1
1530019215268,11,Person Login SOAP Request,200,,Number of Users 1-33,text,true,,716,533,1,1,11,0,0
1530019215295,12,Person Login SOAP Request,200,,Number of Users 1-34,text,true,,716,533,1,1,12,0,0
1530019215307,12,Person Login SOAP Request,200,,Number of Users 1-34,text,true,,716,533,1,1,12,0,0
1530019215345,12,Person Login SOAP Request,200,,Number of Users 1-35,text,true,,716,533,1,1,12,0,1
1530019215358,12,Person Login SOAP Request,200,,Number of Users 1-35,text,true,,716,533,1,1,12,0,0
1530019215400,12,Person Login SOAP Request,200,,Number of Users 1-36,text,true,,716,533,1,1,12,0,0
1530019215413,12,Person Login SOAP Request,200,,Number of Users 1-36,text,true,,716,533,1,1,12,0,0
1530019215445,12,Person Login SOAP Request,200,,Number of Users 1-37,text,true,,716,533,1,1,12,0,1
1530019215458,11,Person Login SOAP Request,200,,Number of Users 1-37,text,true,,716,533,1,1,11,0,0
1530019215500,12,Person Login SOAP Request,200,,Number of Users 1-38,text,true,,716,533,1,1,12,0,1
1530019215513,12,Person Login SOAP Request,200,,Number of Users 1-38,text,true,,716,533,1,1,12,0,0
1530019215550,12,Person Login SOAP Request,200,,Number of Users 1-39,text,true,,716,533,1,1,12,0,0
1530019215563,11,Person Login SOAP Request,200,,Number of Users 1-39,text,true,,716,533,1,1,11,0,0
1530019215600,12,Person Login SOAP Request,200,,Number of Users 1-40,text,true,,716,533,1,1,12,0,0
1530019215613,11,Person Login SOAP Request,200,,Number of Users 1-40,text,true,,716,533,1,1,11,0,0
1530019215650,12,Person Login SOAP Request,200,,Number of Users 1-41,text,true,,716,533,1,1,12,0,0
1530019215663,11,Person Login SOAP Request,200,,Number of Users 1-41,text,true,,716,533,1,1,11,0,0
1530019215702,13,Person Login SOAP Request,200,,Number of Users 1-42,text,true,,716,533,1,1,13,0,1
1530019215715,12,Person Login SOAP Request,200,,Number of Users 1-42,text,true,,716,533,1,1,12,0,0
1530019215750,13,Person Login SOAP Request,200,,Number of Users 1-43,text,true,,716,533,1,1,13,0,0
1530019215763,12,Person Login SOAP Request,200,,Number of Users 1-43,text,true,,716,533,1,1,12,0,0
1530019215830,42,Person Login SOAP Request,200,,Number of Users 1-44,text,true,,716,533,2,2,42,0,2
1530019215853,36,Person Login SOAP Request,200,,Number of Users 1-45,text,true,,716,533,2,2,36,0,1
1530019215873,22,Person Login SOAP Request,200,,Number of Users 1-44,text,true,,716,533,2,2,22,0,0
1530019215889,18,Person Login SOAP Request,200,,Number of Users 1-45,text,true,,716,533,2,2,18,0,0
1530019215902,15,Person Login SOAP Request,200,,Number of Users 1-46,text,true,,716,533,1,1,15,0,1
1530019215918,11,Person Login SOAP Request,200,,Number of Users 1-46,text,true,,716,533,1,1,11,0,0
1530019215980,48,Person Login SOAP Request,200,,Number of Users 1-47,text,true,,716,533,2,2,48,0,2
1530019215998,34,Person Login SOAP Request,200,,Number of Users 1-48,text,true,,716,533,2,2,34,0,1
1530019216029,20,Person Login SOAP Request,200,,Number of Users 1-47,text,true,,716,533,2,2,20,0,0
1530019216033,19,Person Login SOAP Request,200,,Number of Users 1-48,text,true,,716,533,1,1,19,0,0
1530019216052,14,Person Login SOAP Request,200,,Number of Users 1-49,text,true,,716,533,1,1,13,0,1
1530019216066,12,Person Login SOAP Request,200,,Number of Users 1-49,text,true,,716,533,1,1,12,0,0
1530019216133,43,Person Login SOAP Request,200,,Number of Users 1-50,text,true,,716,533,2,2,42,0,1
1530019216148,35,Person Login SOAP Request,200,,Number of Users 1-51,text,true,,716,533,2,2,35,0,1
1530019216176,22,Person Login SOAP Request,200,,Number of Users 1-50,text,true,,716,533,2,2,21,0,0
1530019216184,19,Person Login SOAP Request,200,,Number of Users 1-51,text,true,,716,533,2,2,19,0,0
1530019216202,14,Person Login SOAP Request,200,,Number of Users 1-52,text,true,,716,533,1,1,14,0,1
1530019216217,12,Person Login SOAP Request,200,,Number of Users 1-52,text,true,,716,533,1,1,12,0,0
1530019216247,13,Person Login SOAP Request,200,,Number of Users 1-53,text,true,,716,533,1,1,13,0,1
1530019216261,12,Person Login SOAP Request,200,,Number of Users 1-53,text,true,,716,533,1,1,12,0,0
1530019216302,14,Person Login SOAP Request,200,,Number of Users 1-54,text,true,,716,533,1,1,14,0,1
1530019216316,13,Person Login SOAP Request,200,,Number of Users 1-54,text,true,,716,533,1,1,13,0,0
1530019216347,13,Person Login SOAP Request,200,,Number of Users 1-55,text,true,,716,533,1,1,13,0,1
1530019216360,13,Person Login SOAP Request,200,,Number of Users 1-55,text,true,,716,533,1,1,13,0,0
1530019216433,38,Person Login SOAP Request,200,,Number of Users 1-56,text,true,,716,533,1,1,38,0,2
1530019216471,20,Person Login SOAP Request,200,,Number of Users 1-56,text,true,,716,533,2,2,19,0,0
1530019216482,20,Person Login SOAP Request,200,,Number of Users 1-57,text,true,,716,533,1,1,20,0,1
1530019216502,13,Person Login SOAP Request,200,,Number of Users 1-58,text,true,,716,533,2,2,13,0,1
1530019216502,16,Person Login SOAP Request,200,,Number of Users 1-57,text,true,,716,533,2,2,16,0,0
1530019216515,14,Person Login SOAP Request,200,,Number of Users 1-58,text,true,,716,533,1,1,14,0,0
1530019216547,14,Person Login SOAP Request,200,,Number of Users 1-59,text,true,,716,533,1,1,14,0,1
1530019216561,13,Person Login SOAP Request,200,,Number of Users 1-59,text,true,,716,533,1,1,13,0,0
1530019216602,14,Person Login SOAP Request,200,,Number of Users 1-60,text,true,,716,533,1,1,14,0,1
1530019216616,13,Person Login SOAP Request,200,,Number of Users 1-60,text,true,,716,533,1,1,13,0,0
1530019216658,13,Person Login SOAP Request,200,,Number of Users 1-61,text,true,,716,533,1,1,13,0,0
1530019216672,12,Person Login SOAP Request,200,,Number of Users 1-61,text,true,,716,533,1,1,12,0,0
1530019216708,13,Person Login SOAP Request,200,,Number of Users 1-62,text,true,,716,533,1,1,13,0,0
1530019216721,13,Person Login SOAP Request,200,,Number of Users 1-62,text,true,,716,533,1,1,13,0,0
1530019216750,13,Person Login SOAP Request,200,,Number of Users 1-63,text,true,,716,533,1,1,13,0,0
1530019216764,12,Person Login SOAP Request,200,,Number of Users 1-63,text,true,,716,533,1,1,12,0,0
1530019216800,13,Person Login SOAP Request,200,,Number of Users 1-64,text,true,,716,533,1,1,13,0,0
1530019216814,12,Person Login SOAP Request,200,,Number of Users 1-64,text,true,,716,533,1,1,12,0,0
1530019216858,34,Person Login SOAP Request,200,,Number of Users 1-65,text,true,,716,533,1,1,34,0,0
1530019216893,18,Person Login SOAP Request,200,,Number of Users 1-65,text,true,,716,533,2,2,17,0,0
1530019216908,18,Person Login SOAP Request,200,,Number of Users 1-66,text,true,,716,533,1,1,18,0,1
1530019216927,14,Person Login SOAP Request,200,,Number of Users 1-66,text,true,,716,533,1,1,14,0,0
1530019216988,28,Person Login SOAP Request,200,,Number of Users 1-67,text,true,,716,533,2,2,28,0,1
1530019217003,24,Person Login SOAP Request,200,,Number of Users 1-68,text,true,,716,533,2,2,24,0,1
1530019217017,19,Person Login SOAP Request,200,,Number of Users 1-67,text,true,,716,533,2,2,19,0,0
1530019217027,22,Person Login SOAP Request,200,,Number of Users 1-68,text,true,,716,533,1,1,22,0,0
1530019217090,14,Person Login SOAP Request,200,,Number of Users 1-69,text,true,,716,533,1,1,14,0,1
1530019217105,32,Person Login SOAP Request,200,,Number of Users 1-69,text,true,,716,533,2,2,32,0,0
1530019217118,24,Person Login SOAP Request,200,,Number of Users 1-70,text,true,,716,533,1,1,24,0,0
1530019217142,13,Person Login SOAP Request,200,,Number of Users 1-70,text,true,,716,533,1,1,13,0,0
1530019217165,15,Person Login SOAP Request,200,,Number of Users 1-71,text,true,,716,533,1,1,15,0,0
1530019217181,14,Person Login SOAP Request,200,,Number of Users 1-71,text,true,,716,533,1,1,13,0,0
1530019217215,14,Person Login SOAP Request,200,,Number of Users 1-72,text,true,,716,533,1,1,13,0,0
1530019217230,13,Person Login SOAP Request,200,,Number of Users 1-72,text,true,,716,533,1,1,13,0,0
1530019217270,14,Person Login SOAP Request,200,,Number of Users 1-73,text,true,,716,533,1,1,14,0,1
1530019217285,14,Person Login SOAP Request,200,,Number of Users 1-73,text,true,,716,533,1,1,14,0,0
1530019217303,14,Person Login SOAP Request,200,,Number of Users 1-74,text,true,,716,533,1,1,14,0,0
1530019217318,13,Person Login SOAP Request,200,,Number of Users 1-74,text,true,,716,533,1,1,13,0,0
1530019217353,15,Person Login SOAP Request,200,,Number of Users 1-75,text,true,,716,533,1,1,15,0,1
1530019217368,15,Person Login SOAP Request,200,,Number of Users 1-75,text,true,,716,533,1,1,15,0,0
1530019217465,17,Person Login SOAP Request,200,,Number of Users 1-76,text,true,,716,533,2,2,17,0,1
1530019217482,14,Person Login SOAP Request,200,,Number of Users 1-76,text,true,,716,533,2,2,14,0,0
1530019217473,23,Person Login SOAP Request,200,,Number of Users 1-77,text,true,,716,533,2,2,23,0,1
1530019217496,14,Person Login SOAP Request,200,,Number of Users 1-77,text,true,,716,533,1,1,14,0,0
1530019217523,14,Person Login SOAP Request,200,,Number of Users 1-78,text,true,,716,533,1,1,14,0,1
1530019217538,13,Person Login SOAP Request,200,,Number of Users 1-78,text,true,,716,533,1,1,13,0,0
1530019217580,15,Person Login SOAP Request,200,,Number of Users 1-79,text,true,,716,533,1,1,14,0,0
1530019217595,12,Person Login SOAP Request,200,,Number of Users 1-79,text,true,,716,533,1,1,12,0,0
1530019217633,13,Person Login SOAP Request,200,,Number of Users 1-80,text,true,,716,533,1,1,13,0,1
1530019217647,17,Person Login SOAP Request,200,,Number of Users 1-80,text,true,,716,533,2,2,16,0,0
1530019217653,15,Person Login SOAP Request,200,,Number of Users 1-81,text,true,,716,533,1,1,15,0,1
1530019217669,14,Person Login SOAP Request,200,,Number of Users 1-81,text,true,,716,533,1,1,14,0,0
1530019217733,14,Person Login SOAP Request,200,,Number of Users 1-82,text,true,,716,533,1,1,14,0,1
1530019217748,14,Person Login SOAP Request,200,,Number of Users 1-82,text,true,,716,533,1,1,14,0,0
1530019217783,13,Person Login SOAP Request,200,,Number of Users 1-83,text,true,,716,533,1,1,13,0,0
1530019217796,12,Person Login SOAP Request,200,,Number of Users 1-83,text,true,,716,533,1,1,12,0,0
1530019217868,46,Person Login SOAP Request,200,,Number of Users 1-84,text,true,,716,533,2,2,46,0,2
1530019217883,37,Person Login SOAP Request,200,,Number of Users 1-85,text,true,,716,533,2,2,37,0,2
1530019217914,20,Person Login SOAP Request,200,,Number of Users 1-84,text,true,,716,533,3,3,20,0,0
1530019217921,21,Person Login SOAP Request,200,,Number of Users 1-85,text,true,,716,533,2,2,21,0,0
1530019217933,16,Person Login SOAP Request,200,,Number of Users 1-86,text,true,,716,533,1,1,16,0,1
1530019217949,14,Person Login SOAP Request,200,,Number of Users 1-86,text,true,,716,533,2,2,14,0,0
1530019217953,15,Person Login SOAP Request,200,,Number of Users 1-87,text,true,,716,533,1,1,15,0,1
1530019217968,12,Person Login SOAP Request,200,,Number of Users 1-87,text,true,,716,533,1,1,12,0,0
1530019218033,35,Person Login SOAP Request,200,,Number of Users 1-88,text,true,,716,533,1,1,35,0,2
1530019218068,14,Person Login SOAP Request,200,,Number of Users 1-88,text,true,,716,533,1,1,14,0,0
1530019218083,14,Person Login SOAP Request,200,,Number of Users 1-89,text,true,,716,533,1,1,14,0,0
1530019218097,13,Person Login SOAP Request,200,,Number of Users 1-89,text,true,,716,533,1,1,13,0,0
1530019218135,12,Person Login SOAP Request,200,,Number of Users 1-90,text,true,,716,533,1,1,12,0,0
1530019218148,12,Person Login SOAP Request,200,,Number of Users 1-90,text,true,,716,533,1,1,12,0,0
1530019218185,14,Person Login SOAP Request,200,,Number of Users 1-91,text,true,,716,533,1,1,14,0,1
1530019218199,13,Person Login SOAP Request,200,,Number of Users 1-91,text,true,,716,533,2,2,13,0,0
1530019218205,15,Person Login SOAP Request,200,,Number of Users 1-92,text,true,,716,533,1,1,15,0,0
1530019218221,12,Person Login SOAP Request,200,,Number of Users 1-92,text,true,,716,533,1,1,12,0,0
1530019218285,36,Person Login SOAP Request,200,,Number of Users 1-93,text,true,,716,533,1,1,36,0,2
1530019218322,22,Person Login SOAP Request,200,,Number of Users 1-93,text,true,,716,533,2,2,22,0,0
1530019218335,19,Person Login SOAP Request,200,,Number of Users 1-94,text,true,,716,533,1,1,18,0,1
1530019218354,14,Person Login SOAP Request,200,,Number of Users 1-94,text,true,,716,533,1,1,14,0,0
1530019218385,12,Person Login SOAP Request,200,,Number of Users 1-95,text,true,,716,533,1,1,12,0,1
1530019218398,11,Person Login SOAP Request,200,,Number of Users 1-95,text,true,,716,533,1,1,11,0,0
1530019218435,13,Person Login SOAP Request,200,,Number of Users 1-96,text,true,,716,533,1,1,12,0,0
1530019218448,12,Person Login SOAP Request,200,,Number of Users 1-96,text,true,,716,533,1,1,12,0,0
1530019218485,13,Person Login SOAP Request,200,,Number of Users 1-97,text,true,,716,533,1,1,13,0,1
1530019218498,12,Person Login SOAP Request,200,,Number of Users 1-97,text,true,,716,533,1,1,12,0,0
1530019218535,12,Person Login SOAP Request,200,,Number of Users 1-98,text,true,,716,533,1,1,12,0,0
1530019218548,11,Person Login SOAP Request,200,,Number of Users 1-98,text,true,,716,533,1,1,11,0,0
1530019218585,13,Person Login SOAP Request,200,,Number of Users 1-99,text,true,,716,533,1,1,13,0,1
1530019218599,12,Person Login SOAP Request,200,,Number of Users 1-99,text,true,,716,533,1,1,12,0,0
1530019218635,14,Person Login SOAP Request,200,,Number of Users 1-100,text,true,,716,533,1,1,14,0,1
1530019218650,18,Person Login SOAP Request,200,,Number of Users 1-100,text,true,,716,533,2,2,18,0,0
1530019218655,19,Person Login SOAP Request,200,,Number of Users 1-101,text,true,,716,533,1,1,19,0,1
1530019218675,12,Person Login SOAP Request,200,,Number of Users 1-101,text,true,,716,533,1,1,12,0,0
1530019218735,13,Person Login SOAP Request,200,,Number of Users 1-102,text,true,,716,533,1,1,13,0,0
1530019218749,11,Person Login SOAP Request,200,,Number of Users 1-102,text,true,,716,533,1,1,11,0,0
1530019218785,14,Person Login SOAP Request,200,,Number of Users 1-103,text,true,,716,533,1,1,14,0,1
1530019218799,14,Person Login SOAP Request,200,,Number of Users 1-103,text,true,,716,533,2,2,14,0,0
1530019218810,13,Person Login SOAP Request,200,,Number of Users 1-104,text,true,,716,533,1,1,13,0,0
1530019218824,12,Person Login SOAP Request,200,,Number of Users 1-104,text,true,,716,533,1,1,12,0,0
1530019218885,34,Person Login SOAP Request,200,,Number of Users 1-105,text,true,,716,533,1,1,34,0,1
1530019218920,21,Person Login SOAP Request,200,,Number of Users 1-105,text,true,,716,533,2,2,20,0,0
1530019218935,17,Person Login SOAP Request,200,,Number of Users 1-106,text,true,,716,533,1,1,17,0,1
1530019218953,13,Person Login SOAP Request,200,,Number of Users 1-106,text,true,,716,533,1,1,13,0,0
1530019218985,13,Person Login SOAP Request,200,,Number of Users 1-107,text,true,,716,533,1,1,13,0,0
1530019218999,12,Person Login SOAP Request,200,,Number of Users 1-107,text,true,,716,533,1,1,12,0,0
1530019219035,13,Person Login SOAP Request,200,,Number of Users 1-108,text,true,,716,533,1,1,13,0,0
1530019219049,13,Person Login SOAP Request,200,,Number of Users 1-108,text,true,,716,533,2,2,13,0,0
1530019219060,15,Person Login SOAP Request,200,,Number of Users 1-109,text,true,,716,533,1,1,15,0,0
1530019219075,13,Person Login SOAP Request,200,,Number of Users 1-109,text,true,,716,533,1,1,13,0,0
1530019219110,23,Person Login SOAP Request,200,,Number of Users 1-110,text,true,,716,533,1,1,23,0,0
1530019219133,13,Person Login SOAP Request,200,,Number of Users 1-110,text,true,,716,533,1,1,13,0,0
1530019219188,13,Person Login SOAP Request,200,,Number of Users 1-111,text,true,,716,533,1,1,13,0,1
1530019219202,12,Person Login SOAP Request,200,,Number of Users 1-111,text,true,,716,533,2,2,12,0,0
1530019219213,13,Person Login SOAP Request,200,,Number of Users 1-112,text,true,,716,533,1,1,13,0,0
1530019219227,12,Person Login SOAP Request,200,,Number of Users 1-112,text,true,,716,533,1,1,12,0,0
1530019219260,12,Person Login SOAP Request,200,,Number of Users 1-113,text,true,,716,533,1,1,12,0,0
1530019219273,12,Person Login SOAP Request,200,,Number of Users 1-113,text,true,,716,533,1,1,12,0,0
1530019219310,13,Person Login SOAP Request,200,,Number of Users 1-114,text,true,,716,533,1,1,13,0,0
1530019219323,13,Person Login SOAP Request,200,,Number of Users 1-114,text,true,,716,533,1,1,13,0,0
1530019219388,33,Person Login SOAP Request,200,,Number of Users 1-115,text,true,,716,533,1,1,33,0,2
1530019219422,22,Person Login SOAP Request,200,,Number of Users 1-115,text,true,,716,533,2,2,22,0,0
1530019219435,15,Person Login SOAP Request,200,,Number of Users 1-116,text,true,,716,533,1,1,15,0,1
1530019219451,12,Person Login SOAP Request,200,,Number of Users 1-116,text,true,,716,533,2,2,12,0,0
1530019219460,14,Person Login SOAP Request,200,,Number of Users 1-117,text,true,,716,533,1,1,14,0,1
1530019219474,11,Person Login SOAP Request,200,,Number of Users 1-117,text,true,,716,533,1,1,11,0,0
1530019219540,43,Person Login SOAP Request,200,,Number of Users 1-118,text,true,,716,533,1,1,43,0,2
1530019219585,42,Person Login SOAP Request,200,,Number of Users 1-118,text,true,,716,533,2,2,42,0,0
1530019219589,40,Person Login SOAP Request,200,,Number of Users 1-119,text,true,,716,533,1,1,40,0,1
1530019219630,18,Person Login SOAP Request,200,,Number of Users 1-119,text,true,,716,533,2,2,18,0,0
1530019219638,17,Person Login SOAP Request,200,,Number of Users 1-120,text,true,,716,533,1,1,17,0,1
1530019219656,11,Person Login SOAP Request,200,,Number of Users 1-120,text,true,,716,533,1,1,11,0,0
1530019219690,13,Person Login SOAP Request,200,,Number of Users 1-121,text,true,,716,533,1,1,12,0,0
1530019219703,13,Person Login SOAP Request,200,,Number of Users 1-121,text,true,,716,533,1,1,12,0,0
1530019219740,13,Person Login SOAP Request,200,,Number of Users 1-122,text,true,,716,533,1,1,13,0,0
1530019219754,12,Person Login SOAP Request,200,,Number of Users 1-122,text,true,,716,533,1,1,12,0,0
1530019219788,13,Person Login SOAP Request,200,,Number of Users 1-123,text,true,,716,533,1,1,13,0,0
1530019219802,14,Person Login SOAP Request,200,,Number of Users 1-123,text,true,,716,533,1,1,13,0,0
1530019219838,14,Person Login SOAP Request,200,,Number of Users 1-124,text,true,,716,533,1,1,13,0,0
1530019219852,12,Person Login SOAP Request,200,,Number of Users 1-124,text,true,,716,533,1,1,12,0,0
1530019219890,13,Person Login SOAP Request,200,,Number of Users 1-125,text,true,,716,533,1,1,13,0,0
1530019219904,12,Person Login SOAP Request,200,,Number of Users 1-125,text,true,,716,533,1,1,12,0,0
1530019219940,13,Person Login SOAP Request,200,,Number of Users 1-126,text,true,,716,533,1,1,13,0,1
1530019219953,13,Person Login SOAP Request,200,,Number of Users 1-126,text,true,,716,533,1,1,13,0,0
1530019219988,13,Person Login SOAP Request,200,,Number of Users 1-127,text,true,,716,533,1,1,13,0,0
1530019220002,12,Person Login SOAP Request,200,,Number of Users 1-127,text,true,,716,533,1,1,12,0,0
1530019220038,14,Person Login SOAP Request,200,,Number of Users 1-128,text,true,,716,533,1,1,14,0,0
1530019220052,13,Person Login SOAP Request,200,,Number of Users 1-128,text,true,,716,533,1,1,13,0,0
1530019220090,13,Person Login SOAP Request,200,,Number of Users 1-129,text,true,,716,533,1,1,13,0,1
1530019220104,12,Person Login SOAP Request,200,,Number of Users 1-129,text,true,,716,533,1,1,12,0,0
1530019220137,13,Person Login SOAP Request,200,,Number of Users 1-130,text,true,,716,533,1,1,13,0,0
1530019220151,12,Person Login SOAP Request,200,,Number of Users 1-130,text,true,,716,533,1,1,12,0,0
1530019220185,13,Person Login SOAP Request,200,,Number of Users 1-131,text,true,,716,533,1,1,13,0,0
1530019220199,12,Person Login SOAP Request,200,,Number of Users 1-131,text,true,,716,533,1,1,12,0,0
1530019220235,14,Person Login SOAP Request,200,,Number of Users 1-132,text,true,,716,533,1,1,14,0,1
1530019220249,12,Person Login SOAP Request,200,,Number of Users 1-132,text,true,,716,533,2,2,12,0,0
1530019220261,13,Person Login SOAP Request,200,,Number of Users 1-133,text,true,,716,533,1,1,13,0,0
1530019220274,12,Person Login SOAP Request,200,,Number of Users 1-133,text,true,,716,533,1,1,12,0,0
1530019220310,13,Person Login SOAP Request,200,,Number of Users 1-134,text,true,,716,533,1,1,12,0,0
1530019220323,12,Person Login SOAP Request,200,,Number of Users 1-134,text,true,,716,533,1,1,12,0,0
1530019220385,12,Person Login SOAP Request,200,,Number of Users 1-135,text,true,,716,533,1,1,12,0,1
1530019220397,13,Person Login SOAP Request,200,,Number of Users 1-135,text,true,,716,533,1,1,13,0,0
1530019220435,13,Person Login SOAP Request,200,,Number of Users 1-136,text,true,,716,533,1,1,13,0,1
1530019220448,13,Person Login SOAP Request,200,,Number of Users 1-136,text,true,,716,533,2,2,13,0,0
1530019220460,14,Person Login SOAP Request,200,,Number of Users 1-137,text,true,,716,533,1,1,14,0,1
1530019220474,12,Person Login SOAP Request,200,,Number of Users 1-137,text,true,,716,533,1,1,12,0,0
1530019220510,13,Person Login SOAP Request,200,,Number of Users 1-138,text,true,,716,533,1,1,13,0,1
1530019220524,12,Person Login SOAP Request,200,,Number of Users 1-138,text,true,,716,533,1,1,11,0,0
1530019220585,34,Person Login SOAP Request,200,,Number of Users 1-139,text,true,,716,533,1,1,34,0,2
1530019220619,20,Person Login SOAP Request,200,,Number of Users 1-139,text,true,,716,533,2,2,20,0,0
1530019220635,15,Person Login SOAP Request,200,,Number of Users 1-140,text,true,,716,533,1,1,15,0,1
1530019220651,12,Person Login SOAP Request,200,,Number of Users 1-140,text,true,,716,533,2,2,12,0,0
1530019220660,14,Person Login SOAP Request,200,,Number of Users 1-141,text,true,,716,533,1,1,14,0,1
1530019220675,12,Person Login SOAP Request,200,,Number of Users 1-141,text,true,,716,533,1,1,11,0,0
1530019220710,12,Person Login SOAP Request,200,,Number of Users 1-142,text,true,,716,533,1,1,12,0,0
1530019220723,13,Person Login SOAP Request,200,,Number of Users 1-142,text,true,,716,533,1,1,13,0,0
1530019220785,36,Person Login SOAP Request,200,,Number of Users 1-143,text,true,,716,533,1,1,36,0,0
1530019220822,22,Person Login SOAP Request,200,,Number of Users 1-143,text,true,,716,533,2,2,22,0,0
1530019220835,19,Person Login SOAP Request,200,,Number of Users 1-144,text,true,,716,533,1,1,19,0,1
1530019220855,12,Person Login SOAP Request,200,,Number of Users 1-144,text,true,,716,533,2,2,12,0,0
1530019220860,14,Person Login SOAP Request,200,,Number of Users 1-145,text,true,,716,533,1,1,14,0,1
1530019220874,12,Person Login SOAP Request,200,,Number of Users 1-145,text,true,,716,533,1,1,12,0,0
1530019220910,13,Person Login SOAP Request,200,,Number of Users 1-146,text,true,,716,533,1,1,13,0,0
1530019220923,13,Person Login SOAP Request,200,,Number of Users 1-146,text,true,,716,533,1,1,12,0,0
1530019220985,32,Person Login SOAP Request,200,,Number of Users 1-147,text,true,,716,533,1,1,31,0,2
1530019221017,18,Person Login SOAP Request,200,,Number of Users 1-147,text,true,,716,533,2,2,18,0,0
1530019221035,15,Person Login SOAP Request,200,,Number of Users 1-148,text,true,,716,533,1,1,15,0,1
1530019221051,13,Person Login SOAP Request,200,,Number of Users 1-148,text,true,,716,533,2,2,13,0,0
1530019221060,26,Person Login SOAP Request,200,,Number of Users 1-149,text,true,,716,533,1,1,26,0,0
1530019221087,11,Person Login SOAP Request,200,,Number of Users 1-149,text,true,,716,533,1,1,11,0,0
1530019221110,12,Person Login SOAP Request,200,,Number of Users 1-150,text,true,,716,533,1,1,12,0,0
1530019221122,12,Person Login SOAP Request,200,,Number of Users 1-150,text,true,,716,533,1,1,11,0,0
1530019221185,13,Person Login SOAP Request,200,,Number of Users 1-151,text,true,,716,533,1,1,13,0,1
1530019221199,12,Person Login SOAP Request,200,,Number of Users 1-151,text,true,,716,533,1,1,12,0,0
1530019221237,13,Person Login SOAP Request,200,,Number of Users 1-152,text,true,,716,533,1,1,13,0,1
1530019221251,13,Person Login SOAP Request,200,,Number of Users 1-152,text,true,,716,533,2,2,13,0,0
1530019221260,14,Person Login SOAP Request,200,,Number of Users 1-153,text,true,,716,533,1,1,14,0,0
1530019221274,13,Person Login SOAP Request,200,,Number of Users 1-153,text,true,,716,533,1,1,13,0,0
1530019221310,13,Person Login SOAP Request,200,,Number of Users 1-154,text,true,,716,533,1,1,13,0,0
1530019221324,12,Person Login SOAP Request,200,,Number of Users 1-154,text,true,,716,533,1,1,12,0,0
1530019221387,39,Person Login SOAP Request,200,,Number of Users 1-155,text,true,,716,533,1,1,38,0,2
1530019221427,21,Person Login SOAP Request,200,,Number of Users 1-155,text,true,,716,533,2,2,21,0,0
1530019221437,19,Person Login SOAP Request,200,,Number of Users 1-156,text,true,,716,533,1,1,19,0,1
1530019221456,12,Person Login SOAP Request,200,,Number of Users 1-156,text,true,,716,533,2,2,12,0,0
1530019221462,17,Person Login SOAP Request,200,,Number of Users 1-157,text,true,,716,533,1,1,17,0,0
1530019221479,12,Person Login SOAP Request,200,,Number of Users 1-157,text,true,,716,533,1,1,12,0,0
1530019221512,12,Person Login SOAP Request,200,,Number of Users 1-158,text,true,,716,533,1,1,12,0,1
1530019221524,13,Person Login SOAP Request,200,,Number of Users 1-158,text,true,,716,533,1,1,13,0,0
1530019221587,29,Person Login SOAP Request,200,,Number of Users 1-159,text,true,,716,533,1,1,29,0,1
1530019221617,17,Person Login SOAP Request,200,,Number of Users 1-159,text,true,,716,533,1,1,17,0,0
1530019221637,16,Person Login SOAP Request,200,,Number of Users 1-160,text,true,,716,533,1,1,16,0,1
1530019221654,12,Person Login SOAP Request,200,,Number of Users 1-160,text,true,,716,533,2,2,12,0,0
1530019221662,14,Person Login SOAP Request,200,,Number of Users 1-161,text,true,,716,533,1,1,13,0,1
1530019221676,13,Person Login SOAP Request,200,,Number of Users 1-161,text,true,,716,533,1,1,13,0,0
1530019221712,13,Person Login SOAP Request,200,,Number of Users 1-162,text,true,,716,533,1,1,13,0,1
1530019221726,12,Person Login SOAP Request,200,,Number of Users 1-162,text,true,,716,533,1,1,12,0,0
1530019221765,13,Person Login SOAP Request,200,,Number of Users 1-163,text,true,,716,533,1,1,13,0,1
1530019221779,11,Person Login SOAP Request,200,,Number of Users 1-163,text,true,,716,533,1,1,11,0,0
1530019221838,34,Person Login SOAP Request,200,,Number of Users 1-164,text,true,,716,533,1,1,34,0,1
1530019221873,18,Person Login SOAP Request,200,,Number of Users 1-164,text,true,,716,533,2,2,18,0,0
1530019221888,16,Person Login SOAP Request,200,,Number of Users 1-165,text,true,,716,533,1,1,16,0,1
1530019221905,13,Person Login SOAP Request,200,,Number of Users 1-165,text,true,,716,533,1,1,13,0,0
1530019221937,14,Person Login SOAP Request,200,,Number of Users 1-166,text,true,,716,533,1,1,14,0,1
1530019221952,12,Person Login SOAP Request,200,,Number of Users 1-166,text,true,,716,533,1,1,12,0,0
1530019221988,13,Person Login SOAP Request,200,,Number of Users 1-167,text,true,,716,533,1,1,12,0,1
1530019222001,14,Person Login SOAP Request,200,,Number of Users 1-167,text,true,,716,533,1,1,14,0,0
1530019222037,14,Person Login SOAP Request,200,,Number of Users 1-168,text,true,,716,533,1,1,14,0,1
1530019222052,12,Person Login SOAP Request,200,,Number of Users 1-168,text,true,,716,533,1,1,12,0,0
1530019222088,14,Person Login SOAP Request,200,,Number of Users 1-169,text,true,,716,533,1,1,14,0,1
1530019222103,13,Person Login SOAP Request,200,,Number of Users 1-169,text,true,,716,533,1,1,13,0,0
1530019222137,14,Person Login SOAP Request,200,,Number of Users 1-170,text,true,,716,533,1,1,14,0,1
1530019222152,13,Person Login SOAP Request,200,,Number of Users 1-170,text,true,,716,533,1,1,13,0,0
1530019222187,15,Person Login SOAP Request,200,,Number of Users 1-171,text,true,,716,533,1,1,14,0,1
1530019222202,14,Person Login SOAP Request,200,,Number of Users 1-171,text,true,,716,533,1,1,14,0,0
1530019222237,14,Person Login SOAP Request,200,,Number of Users 1-172,text,true,,716,533,1,1,14,0,1
1530019222252,12,Person Login SOAP Request,200,,Number of Users 1-172,text,true,,716,533,1,1,12,0,0
1530019222288,13,Person Login SOAP Request,200,,Number of Users 1-173,text,true,,716,533,1,1,13,0,1
1530019222302,13,Person Login SOAP Request,200,,Number of Users 1-173,text,true,,716,533,1,1,13,0,0
1530019222338,13,Person Login SOAP Request,200,,Number of Users 1-174,text,true,,716,533,1,1,13,0,0
1530019222352,12,Person Login SOAP Request,200,,Number of Users 1-174,text,true,,716,533,1,1,11,0,0
1530019222388,13,Person Login SOAP Request,200,,Number of Users 1-175,text,true,,716,533,1,1,13,0,1
1530019222402,15,Person Login SOAP Request,200,,Number of Users 1-175,text,true,,716,533,1,1,15,0,0
1530019222438,14,Person Login SOAP Request,200,,Number of Users 1-176,text,true,,716,533,1,1,14,0,0
1530019222452,13,Person Login SOAP Request,200,,Number of Users 1-176,text,true,,716,533,1,1,13,0,0
1530019222491,13,Person Login SOAP Request,200,,Number of Users 1-177,text,true,,716,533,1,1,12,0,0
1530019222504,15,Person Login SOAP Request,200,,Number of Users 1-177,text,true,,716,533,2,2,15,0,0
1530019222518,16,Person Login SOAP Request,200,,Number of Users 1-178,text,true,,716,533,1,1,15,0,1
1530019222534,14,Person Login SOAP Request,200,,Number of Users 1-178,text,true,,716,533,1,1,14,0,0
1530019222591,36,Person Login SOAP Request,200,,Number of Users 1-179,text,true,,716,533,1,1,36,0,1
1530019222628,25,Person Login SOAP Request,200,,Number of Users 1-179,text,true,,716,533,2,2,25,0,0
1530019222641,21,Person Login SOAP Request,200,,Number of Users 1-180,text,true,,716,533,1,1,21,0,1
1530019222663,17,Person Login SOAP Request,200,,Number of Users 1-180,text,true,,716,533,2,2,17,0,0
1530019222670,15,Person Login SOAP Request,200,,Number of Users 1-181,text,true,,716,533,1,1,15,0,1
1530019222686,13,Person Login SOAP Request,200,,Number of Users 1-181,text,true,,716,533,1,1,13,0,0
1530019222720,14,Person Login SOAP Request,200,,Number of Users 1-182,text,true,,716,533,1,1,14,0,0
1530019222734,14,Person Login SOAP Request,200,,Number of Users 1-182,text,true,,716,533,1,1,14,0,0
1530019222790,30,Person Login SOAP Request,200,,Number of Users 1-183,text,true,,716,533,1,1,30,0,1
1530019222821,26,Person Login SOAP Request,200,,Number of Users 1-183,text,true,,716,533,2,2,25,0,0
1530019222840,22,Person Login SOAP Request,200,,Number of Users 1-184,text,true,,716,533,1,1,22,0,1
1530019222863,13,Person Login SOAP Request,200,,Number of Users 1-184,text,true,,716,533,2,2,13,0,0
1530019222870,14,Person Login SOAP Request,200,,Number of Users 1-185,text,true,,716,533,1,1,13,0,1
1530019222884,13,Person Login SOAP Request,200,,Number of Users 1-185,text,true,,716,533,1,1,13,0,0
1530019222920,13,Person Login SOAP Request,200,,Number of Users 1-186,text,true,,716,533,1,1,13,0,1
1530019222934,12,Person Login SOAP Request,200,,Number of Users 1-186,text,true,,716,533,1,1,12,0,0
1530019222967,15,Person Login SOAP Request,200,,Number of Users 1-187,text,true,,716,533,1,1,15,0,1
1530019222982,23,Person Login SOAP Request,200,,Number of Users 1-187,text,true,,716,533,1,1,23,0,0
1530019223040,38,Person Login SOAP Request,200,,Number of Users 1-188,text,true,,716,533,2,2,38,0,2
1530019223070,29,Person Login SOAP Request,200,,Number of Users 1-189,text,true,,716,533,2,2,29,0,1
1530019223078,24,Person Login SOAP Request,200,,Number of Users 1-188,text,true,,716,533,2,2,24,0,0
1530019223100,13,Person Login SOAP Request,200,,Number of Users 1-189,text,true,,716,533,1,1,13,0,0
1530019223120,12,Person Login SOAP Request,200,,Number of Users 1-190,text,true,,716,533,1,1,12,0,1
1530019223133,11,Person Login SOAP Request,200,,Number of Users 1-190,text,true,,716,533,1,1,11,0,0
1530019223190,37,Person Login SOAP Request,200,,Number of Users 1-191,text,true,,716,533,1,1,37,0,2
1530019223228,24,Person Login SOAP Request,200,,Number of Users 1-191,text,true,,716,533,1,1,24,0,0
1530019223262,19,Person Login SOAP Request,200,,Number of Users 1-192,text,true,,716,533,2,2,19,0,1
1530019223272,23,Person Login SOAP Request,200,,Number of Users 1-193,text,true,,716,533,2,2,23,0,1
1530019223282,21,Person Login SOAP Request,200,,Number of Users 1-192,text,true,,716,533,2,2,20,0,0
1530019223295,16,Person Login SOAP Request,200,,Number of Users 1-193,text,true,,716,533,1,1,16,0,0
1530019223322,13,Person Login SOAP Request,200,,Number of Users 1-194,text,true,,716,533,1,1,13,0,1
1530019223335,12,Person Login SOAP Request,200,,Number of Users 1-194,text,true,,716,533,1,1,12,0,0
1530019223377,14,Person Login SOAP Request,200,,Number of Users 1-195,text,true,,716,533,1,1,13,0,1
1530019223391,12,Person Login SOAP Request,200,,Number of Users 1-195,text,true,,716,533,1,1,12,0,0
1530019223462,14,Person Login SOAP Request,200,,Number of Users 1-196,text,true,,716,533,2,2,14,0,1
1530019223472,15,Person Login SOAP Request,200,,Number of Users 1-197,text,true,,716,533,2,2,15,0,1
1530019223476,14,Person Login SOAP Request,200,,Number of Users 1-196,text,true,,716,533,2,2,13,0,0
1530019223488,13,Person Login SOAP Request,200,,Number of Users 1-197,text,true,,716,533,1,1,12,0,0
1530019223522,13,Person Login SOAP Request,200,,Number of Users 1-198,text,true,,716,533,1,1,13,0,1
1530019223536,11,Person Login SOAP Request,200,,Number of Users 1-198,text,true,,716,533,1,1,11,0,0
1530019223578,34,Person Login SOAP Request,200,,Number of Users 1-199,text,true,,716,533,1,1,34,0,1
1530019223613,20,Person Login SOAP Request,200,,Number of Users 1-199,text,true,,716,533,1,1,20,0,0
1530019223662,23,Person Login SOAP Request,200,,Number of Users 1-200,text,true,,716,533,2,2,23,0,1
1530019223686,17,Person Login SOAP Request,200,,Number of Users 1-200,text,true,,716,533,2,2,17,0,0
1530019223680,23,Person Login SOAP Request,200,,Number of Users 1-201,text,true,,716,533,2,2,23,0,1
1530019223703,13,Person Login SOAP Request,200,,Number of Users 1-201,text,true,,716,533,1,1,13,0,0
1530019223730,11,Person Login SOAP Request,200,,Number of Users 1-202,text,true,,716,533,1,1,11,0,0
1530019223742,11,Person Login SOAP Request,200,,Number of Users 1-202,text,true,,716,533,1,1,11,0,0
1530019223792,34,Person Login SOAP Request,200,,Number of Users 1-203,text,true,,716,533,1,1,34,0,1
1530019223827,20,Person Login SOAP Request,200,,Number of Users 1-203,text,true,,716,533,2,2,20,0,0
1530019223832,20,Person Login SOAP Request,200,,Number of Users 1-204,text,true,,716,533,1,1,20,0,0
1530019223852,12,Person Login SOAP Request,200,,Number of Users 1-204,text,true,,716,533,1,1,12,0,0
1530019223880,12,Person Login SOAP Request,200,,Number of Users 1-205,text,true,,716,533,1,1,11,0,0
1530019223892,12,Person Login SOAP Request,200,,Number of Users 1-205,text,true,,716,533,1,1,11,0,0
1530019223929,13,Person Login SOAP Request,200,,Number of Users 1-206,text,true,,716,533,1,1,13,0,1
1530019223943,12,Person Login SOAP Request,200,,Number of Users 1-206,text,true,,716,533,1,1,12,0,0
1530019223991,12,Person Login SOAP Request,200,,Number of Users 1-207,text,true,,716,533,1,1,12,0,0
1530019224003,12,Person Login SOAP Request,200,,Number of Users 1-207,text,true,,716,533,1,1,12,0,0
1530019224063,34,Person Login SOAP Request,200,,Number of Users 1-208,text,true,,716,533,2,2,34,0,1
1530019224080,28,Person Login SOAP Request,200,,Number of Users 1-209,text,true,,716,533,2,2,27,0,1
1530019224097,25,Person Login SOAP Request,200,,Number of Users 1-208,text,true,,716,533,2,2,25,0,0
1530019224108,19,Person Login SOAP Request,200,,Number of Users 1-209,text,true,,716,533,1,1,19,0,0
1530019224130,12,Person Login SOAP Request,200,,Number of Users 1-210,text,true,,716,533,1,1,12,0,0
1530019224143,12,Person Login SOAP Request,200,,Number of Users 1-210,text,true,,716,533,1,1,12,0,0
1530019224183,13,Person Login SOAP Request,200,,Number of Users 1-211,text,true,,716,533,1,1,13,0,0
1530019224196,12,Person Login SOAP Request,200,,Number of Users 1-211,text,true,,716,533,1,1,12,0,0
1530019224263,31,Person Login SOAP Request,200,,Number of Users 1-212,text,true,,716,533,2,2,31,0,1
1530019224280,23,Person Login SOAP Request,200,,Number of Users 1-213,text,true,,716,533,2,2,23,0,0
1530019224295,14,Person Login SOAP Request,200,,Number of Users 1-212,text,true,,716,533,2,2,14,0,0
1530019224304,12,Person Login SOAP Request,200,,Number of Users 1-213,text,true,,716,533,1,1,12,0,0
1530019224329,13,Person Login SOAP Request,200,,Number of Users 1-214,text,true,,716,533,1,1,13,0,1
1530019224343,14,Person Login SOAP Request,200,,Number of Users 1-214,text,true,,716,533,1,1,13,0,0
1530019224391,34,Person Login SOAP Request,200,,Number of Users 1-215,text,true,,716,533,1,1,33,0,2
1530019224425,19,Person Login SOAP Request,200,,Number of Users 1-215,text,true,,716,533,1,1,19,0,0
1530019224463,12,Person Login SOAP Request,200,,Number of Users 1-216,text,true,,716,533,1,1,12,0,0
1530019224475,20,Person Login SOAP Request,200,,Number of Users 1-216,text,true,,716,533,2,2,20,0,0
1530019224480,15,Person Login SOAP Request,200,,Number of Users 1-217,text,true,,716,533,2,2,15,0,0
1530019224496,12,Person Login SOAP Request,200,,Number of Users 1-217,text,true,,716,533,1,1,12,0,0
1530019224530,13,Person Login SOAP Request,200,,Number of Users 1-218,text,true,,716,533,1,1,12,0,0
1530019224543,13,Person Login SOAP Request,200,,Number of Users 1-218,text,true,,716,533,1,1,12,0,0
1530019224591,13,Person Login SOAP Request,200,,Number of Users 1-219,text,true,,716,533,1,1,13,0,0
1530019224604,12,Person Login SOAP Request,200,,Number of Users 1-219,text,true,,716,533,1,1,12,0,0
1530019224663,34,Person Login SOAP Request,200,,Number of Users 1-220,text,true,,716,533,2,2,34,0,2
1530019224680,29,Person Login SOAP Request,200,,Number of Users 1-221,text,true,,716,533,2,2,29,0,1
1530019224698,21,Person Login SOAP Request,200,,Number of Users 1-220,text,true,,716,533,2,2,21,0,0
1530019224709,17,Person Login SOAP Request,200,,Number of Users 1-221,text,true,,716,533,2,2,17,0,0
1530019224723,13,Person Login SOAP Request,200,,Number of Users 1-222,text,true,,716,533,1,1,12,0,0
1530019224736,12,Person Login SOAP Request,200,,Number of Users 1-222,text,true,,716,533,1,1,12,0,0
1530019224778,12,Person Login SOAP Request,200,,Number of Users 1-223,text,true,,716,533,1,1,11,0,0
1530019224790,12,Person Login SOAP Request,200,,Number of Users 1-223,text,true,,716,533,1,1,11,0,0
1530019224863,35,Person Login SOAP Request,200,,Number of Users 1-224,text,true,,716,533,2,2,35,0,2
1530019224873,31,Person Login SOAP Request,200,,Number of Users 1-225,text,true,,716,533,2,2,31,0,1
1530019224899,33,Person Login SOAP Request,200,,Number of Users 1-224,text,true,,716,533,3,3,33,0,0
1530019224904,35,Person Login SOAP Request,200,,Number of Users 1-225,text,true,,716,533,2,2,35,0,0
1530019224926,20,Person Login SOAP Request,200,,Number of Users 1-226,text,true,,716,533,1,1,20,0,0
1530019224946,12,Person Login SOAP Request,200,,Number of Users 1-226,text,true,,716,533,1,1,12,0,0
1530019224991,32,Person Login SOAP Request,200,,Number of Users 1-227,text,true,,716,533,1,1,32,0,1
1530019225024,17,Person Login SOAP Request,200,,Number of Users 1-227,text,true,,716,533,1,1,17,0,0
1530019225063,20,Person Login SOAP Request,200,,Number of Users 1-228,text,true,,716,533,2,2,20,0,0
1530019225076,23,Person Login SOAP Request,200,,Number of Users 1-229,text,true,,716,533,2,2,23,0,0
1530019225084,22,Person Login SOAP Request,200,,Number of Users 1-228,text,true,,716,533,2,2,22,0,0
1530019225100,14,Person Login SOAP Request,200,,Number of Users 1-229,text,true,,716,533,1,1,14,0,0
1530019225126,13,Person Login SOAP Request,200,,Number of Users 1-230,text,true,,716,533,1,1,13,0,0
1530019225139,13,Person Login SOAP Request,200,,Number of Users 1-230,text,true,,716,533,1,1,12,0,0
1530019225191,32,Person Login SOAP Request,200,,Number of Users 1-231,text,true,,716,533,1,1,32,0,0
1530019225224,20,Person Login SOAP Request,200,,Number of Users 1-231,text,true,,716,533,1,1,20,0,0
1530019225263,13,Person Login SOAP Request,200,,Number of Users 1-232,text,true,,716,533,2,2,13,0,0
1530019225277,13,Person Login SOAP Request,200,,Number of Users 1-232,text,true,,716,533,2,2,13,0,0
1530019225276,16,Person Login SOAP Request,200,,Number of Users 1-233,text,true,,716,533,1,1,16,0,0
1530019225292,12,Person Login SOAP Request,200,,Number of Users 1-233,text,true,,716,533,1,1,12,0,0
1530019225326,12,Person Login SOAP Request,200,,Number of Users 1-234,text,true,,716,533,1,1,12,0,0
1530019225338,12,Person Login SOAP Request,200,,Number of Users 1-234,text,true,,716,533,1,1,12,0,0
1530019225391,13,Person Login SOAP Request,200,,Number of Users 1-235,text,true,,716,533,1,1,12,0,0
1530019225404,11,Person Login SOAP Request,200,,Number of Users 1-235,text,true,,716,533,1,1,11,0,0
1530019225463,12,Person Login SOAP Request,200,,Number of Users 1-236,text,true,,716,533,1,1,12,0,0
1530019225476,14,Person Login SOAP Request,200,,Number of Users 1-237,text,true,,716,533,2,2,14,0,0
1530019225476,14,Person Login SOAP Request,200,,Number of Users 1-236,text,true,,716,533,2,2,14,0,0
1530019225490,13,Person Login SOAP Request,200,,Number of Users 1-237,text,true,,716,533,1,1,13,0,0
1530019225529,13,Person Login SOAP Request,200,,Number of Users 1-238,text,true,,716,533,1,1,13,0,0
1530019225543,12,Person Login SOAP Request,200,,Number of Users 1-238,text,true,,716,533,1,1,12,0,0
1530019225591,34,Person Login SOAP Request,200,,Number of Users 1-239,text,true,,716,533,1,1,34,0,2
1530019225626,20,Person Login SOAP Request,200,,Number of Users 1-239,text,true,,716,533,1,1,20,0,0
1530019225663,14,Person Login SOAP Request,200,,Number of Users 1-240,text,true,,716,533,2,2,14,0,0
1530019225675,14,Person Login SOAP Request,200,,Number of Users 1-241,text,true,,716,533,2,2,14,0,0
1530019225678,17,Person Login SOAP Request,200,,Number of Users 1-240,text,true,,716,533,2,2,17,0,0
1530019225690,14,Person Login SOAP Request,200,,Number of Users 1-241,text,true,,716,533,1,1,14,0,0
1530019225726,13,Person Login SOAP Request,200,,Number of Users 1-242,text,true,,716,533,1,1,13,0,0
1530019225740,12,Person Login SOAP Request,200,,Number of Users 1-242,text,true,,716,533,1,1,12,0,0
1530019225793,33,Person Login SOAP Request,200,,Number of Users 1-243,text,true,,716,533,1,1,33,0,0
1530019225827,12,Person Login SOAP Request,200,,Number of Users 1-243,text,true,,716,533,1,1,12,0,0
1530019225863,13,Person Login SOAP Request,200,,Number of Users 1-244,text,true,,716,533,2,2,13,0,0
1530019225877,13,Person Login SOAP Request,200,,Number of Users 1-244,text,true,,716,533,2,2,13,0,0
1530019225876,14,Person Login SOAP Request,200,,Number of Users 1-245,text,true,,716,533,2,2,14,0,0
1530019225890,13,Person Login SOAP Request,200,,Number of Users 1-245,text,true,,716,533,1,1,13,0,0
1530019225926,13,Person Login SOAP Request,200,,Number of Users 1-246,text,true,,716,533,1,1,13,0,0
1530019225939,13,Person Login SOAP Request,200,,Number of Users 1-246,text,true,,716,533,1,1,13,0,0
1530019225978,13,Person Login SOAP Request,200,,Number of Users 1-247,text,true,,716,533,1,1,13,0,0
1530019225992,13,Person Login SOAP Request,200,,Number of Users 1-247,text,true,,716,533,1,1,13,0,0
1530019226063,18,Person Login SOAP Request,200,,Number of Users 1-248,text,true,,716,533,2,2,18,0,2
1530019226076,17,Person Login SOAP Request,200,,Number of Users 1-249,text,true,,716,533,2,2,17,0,0
1530019226082,17,Person Login SOAP Request,200,,Number of Users 1-248,text,true,,716,533,2,2,17,0,0
1530019226093,13,Person Login SOAP Request,200,,Number of Users 1-249,text,true,,716,533,1,1,13,0,0
1530019226126,12,Person Login SOAP Request,200,,Number of Users 1-250,text,true,,716,533,1,1,12,0,0
1530019226139,12,Person Login SOAP Request,200,,Number of Users 1-250,text,true,,716,533,1,1,12,0,0
1530019226193,41,Person Login SOAP Request,200,,Number of Users 1-251,text,true,,716,533,1,1,40,0,1
1530019226235,31,Person Login SOAP Request,200,,Number of Users 1-251,text,true,,716,533,2,2,31,0,0
1530019226263,30,Person Login SOAP Request,200,,Number of Users 1-252,text,true,,716,533,2,2,30,0,1
1530019226276,26,Person Login SOAP Request,200,,Number of Users 1-253,text,true,,716,533,2,2,26,0,4
1530019226294,20,Person Login SOAP Request,200,,Number of Users 1-252,text,true,,716,533,2,2,19,0,0
1530019226302,16,Person Login SOAP Request,200,,Number of Users 1-253,text,true,,716,533,1,1,16,0,0
1530019226326,12,Person Login SOAP Request,200,,Number of Users 1-254,text,true,,716,533,1,1,12,0,0
1530019226339,11,Person Login SOAP Request,200,,Number of Users 1-254,text,true,,716,533,1,1,11,0,0
1530019226393,34,Person Login SOAP Request,200,,Number of Users 1-255,text,true,,716,533,1,1,34,0,0
1530019226428,18,Person Login SOAP Request,200,,Number of Users 1-255,text,true,,716,533,1,1,18,0,0
1530019226463,19,Person Login SOAP Request,200,,Number of Users 1-256,text,true,,716,533,2,2,19,0,1
1530019226476,21,Person Login SOAP Request,200,,Number of Users 1-257,text,true,,716,533,2,2,21,0,0
1530019226483,21,Person Login SOAP Request,200,,Number of Users 1-256,text,true,,716,533,2,2,21,0,0
1530019226498,18,Person Login SOAP Request,200,,Number of Users 1-257,text,true,,716,533,1,1,18,0,0
1530019226526,13,Person Login SOAP Request,200,,Number of Users 1-258,text,true,,716,533,1,1,13,0,0
1530019226540,13,Person Login SOAP Request,200,,Number of Users 1-258,text,true,,716,533,1,1,12,0,0
1530019226598,13,Person Login SOAP Request,200,,Number of Users 1-259,text,true,,716,533,1,1,13,0,0
1530019226611,12,Person Login SOAP Request,200,,Number of Users 1-259,text,true,,716,533,1,1,12,0,0
1530019226663,13,Person Login SOAP Request,200,,Number of Users 1-260,text,true,,716,533,2,2,13,0,0
1530019226677,13,Person Login SOAP Request,200,,Number of Users 1-260,text,true,,716,533,2,2,13,0,0
1530019226676,16,Person Login SOAP Request,200,,Number of Users 1-261,text,true,,716,533,1,1,16,0,0
1530019226692,13,Person Login SOAP Request,200,,Number of Users 1-261,text,true,,716,533,1,1,13,0,0
1530019226728,13,Person Login SOAP Request,200,,Number of Users 1-262,text,true,,716,533,1,1,13,0,0
1530019226741,13,Person Login SOAP Request,200,,Number of Users 1-262,text,true,,716,533,1,1,13,0,0
1530019226813,21,Person Login SOAP Request,200,,Number of Users 1-263,text,true,,716,533,1,1,21,0,1
1530019226834,18,Person Login SOAP Request,200,,Number of Users 1-263,text,true,,716,533,1,1,17,0,0
1530019226863,19,Person Login SOAP Request,200,,Number of Users 1-264,text,true,,716,533,2,2,19,0,0
1530019226878,23,Person Login SOAP Request,200,,Number of Users 1-265,text,true,,716,533,2,2,22,0,0
1530019226883,21,Person Login SOAP Request,200,,Number of Users 1-264,text,true,,716,533,2,2,21,0,0
1530019226901,15,Person Login SOAP Request,200,,Number of Users 1-265,text,true,,716,533,1,1,15,0,0
1530019226928,14,Person Login SOAP Request,200,,Number of Users 1-266,text,true,,716,533,1,1,14,0,0
1530019226943,14,Person Login SOAP Request,200,,Number of Users 1-266,text,true,,716,533,1,1,14,0,0
1530019226978,30,Person Login SOAP Request,200,,Number of Users 1-267,text,true,,716,533,1,1,30,0,0
1530019227009,12,Person Login SOAP Request,200,,Number of Users 1-267,text,true,,716,533,1,1,12,0,0
1530019227063,32,Person Login SOAP Request,200,,Number of Users 1-268,text,true,,716,533,2,2,32,0,1
1530019227095,19,Person Login SOAP Request,200,,Number of Users 1-268,text,true,,716,533,2,2,19,0,0
1530019227091,27,Person Login SOAP Request,200,,Number of Users 1-269,text,true,,716,533,1,1,27,0,1
1530019227118,14,Person Login SOAP Request,200,,Number of Users 1-269,text,true,,716,533,1,1,13,0,0
1530019227141,15,Person Login SOAP Request,200,,Number of Users 1-270,text,true,,716,533,1,1,15,0,0
1530019227156,16,Person Login SOAP Request,200,,Number of Users 1-270,text,true,,716,533,1,1,15,0,0
1530019227213,15,Person Login SOAP Request,200,,Number of Users 1-271,text,true,,716,533,1,1,15,0,0
1530019227229,13,Person Login SOAP Request,200,,Number of Users 1-271,text,true,,716,533,1,1,13,0,0
1530019227263,16,Person Login SOAP Request,200,,Number of Users 1-272,text,true,,716,533,1,1,16,0,0
1530019227280,13,Person Login SOAP Request,200,,Number of Users 1-272,text,true,,716,533,1,1,13,0,0
1530019227313,14,Person Login SOAP Request,200,,Number of Users 1-273,text,true,,716,533,1,1,13,0,0
1530019227328,13,Person Login SOAP Request,200,,Number of Users 1-273,text,true,,716,533,1,1,13,0,0
1530019227363,17,Person Login SOAP Request,200,,Number of Users 1-274,text,true,,716,533,2,2,17,0,0
1530019227378,15,Person Login SOAP Request,200,,Number of Users 1-275,text,true,,716,533,2,2,15,0,0
1530019227380,19,Person Login SOAP Request,200,,Number of Users 1-274,text,true,,716,533,2,2,19,0,0
1530019227394,14,Person Login SOAP Request,200,,Number of Users 1-275,text,true,,716,533,1,1,14,0,0
1530019227463,16,Person Login SOAP Request,200,,Number of Users 1-276,text,true,,716,533,1,1,16,0,0
1530019227479,14,Person Login SOAP Request,200,,Number of Users 1-276,text,true,,716,533,1,1,14,0,0
1530019227513,14,Person Login SOAP Request,200,,Number of Users 1-277,text,true,,716,533,1,1,14,0,0
1530019227527,13,Person Login SOAP Request,200,,Number of Users 1-277,text,true,,716,533,1,1,13,0,0
1530019227563,14,Person Login SOAP Request,200,,Number of Users 1-278,text,true,,716,533,1,1,14,0,0
1530019227578,13,Person Login SOAP Request,200,,Number of Users 1-278,text,true,,716,533,1,1,13,0,0
1530019227613,13,Person Login SOAP Request,200,,Number of Users 1-279,text,true,,716,533,1,1,13,0,0
1530019227627,13,Person Login SOAP Request,200,,Number of Users 1-279,text,true,,716,533,1,1,13,0,0
1530019227663,18,Person Login SOAP Request,200,,Number of Users 1-280,text,true,,716,533,2,2,18,0,0
1530019227678,19,Person Login SOAP Request,200,,Number of Users 1-281,text,true,,716,533,2,2,19,0,0
1530019227681,19,Person Login SOAP Request,200,,Number of Users 1-280,text,true,,716,533,2,2,19,0,0
1530019227698,14,Person Login SOAP Request,200,,Number of Users 1-281,text,true,,716,533,1,1,14,0,0
1530019227762,26,Person Login SOAP Request,200,,Number of Users 1-282,text,true,,716,533,1,1,26,0,2
1530019227789,19,Person Login SOAP Request,200,,Number of Users 1-282,text,true,,716,533,1,1,19,0,0
1530019227812,15,Person Login SOAP Request,200,,Number of Users 1-283,text,true,,716,533,1,1,14,0,1
1530019227827,13,Person Login SOAP Request,200,,Number of Users 1-283,text,true,,716,533,1,1,13,0,0
1530019227862,14,Person Login SOAP Request,200,,Number of Users 1-284,text,true,,716,533,1,1,13,0,1
1530019227876,12,Person Login SOAP Request,200,,Number of Users 1-284,text,true,,716,533,1,1,12,0,0
1530019227912,13,Person Login SOAP Request,200,,Number of Users 1-285,text,true,,716,533,1,1,13,0,1
1530019227926,12,Person Login SOAP Request,200,,Number of Users 1-285,text,true,,716,533,1,1,12,0,0
1530019227965,13,Person Login SOAP Request,200,,Number of Users 1-286,text,true,,716,533,1,1,13,0,1
1530019227979,12,Person Login SOAP Request,200,,Number of Users 1-286,text,true,,716,533,1,1,12,0,0
1530019228012,14,Person Login SOAP Request,200,,Number of Users 1-287,text,true,,716,533,1,1,14,0,1
1530019228026,12,Person Login SOAP Request,200,,Number of Users 1-287,text,true,,716,533,1,1,12,0,0
1530019228062,14,Person Login SOAP Request,200,,Number of Users 1-288,text,true,,716,533,1,1,14,0,1
1530019228076,12,Person Login SOAP Request,200,,Number of Users 1-288,text,true,,716,533,1,1,12,0,0
1530019228115,14,Person Login SOAP Request,200,,Number of Users 1-289,text,true,,716,533,1,1,14,0,1
1530019228129,12,Person Login SOAP Request,200,,Number of Users 1-289,text,true,,716,533,1,1,12,0,0
1530019228166,14,Person Login SOAP Request,200,,Number of Users 1-290,text,true,,716,533,1,1,14,0,0
1530019228180,13,Person Login SOAP Request,200,,Number of Users 1-290,text,true,,716,533,1,1,13,0,0
1530019228212,27,Person Login SOAP Request,200,,Number of Users 1-291,text,true,,716,533,1,1,27,0,1
1530019228239,21,Person Login SOAP Request,200,,Number of Users 1-291,text,true,,716,533,1,1,20,0,0
1530019228265,15,Person Login SOAP Request,200,,Number of Users 1-292,text,true,,716,533,1,1,14,0,1
1530019228280,12,Person Login SOAP Request,200,,Number of Users 1-292,text,true,,716,533,1,1,12,0,0
1530019228315,13,Person Login SOAP Request,200,,Number of Users 1-293,text,true,,716,533,1,1,12,0,1
1530019228328,11,Person Login SOAP Request,200,,Number of Users 1-293,text,true,,716,533,1,1,11,0,0
1530019228365,14,Person Login SOAP Request,200,,Number of Users 1-294,text,true,,716,533,1,1,14,0,1
1530019228380,16,Person Login SOAP Request,200,,Number of Users 1-294,text,true,,716,533,2,2,16,0,0
1530019228380,18,Person Login SOAP Request,200,,Number of Users 1-295,text,true,,716,533,1,1,18,0,1
1530019228398,13,Person Login SOAP Request,200,,Number of Users 1-295,text,true,,716,533,1,1,13,0,0
1530019228463,28,Person Login SOAP Request,200,,Number of Users 1-296,text,true,,716,533,1,1,28,0,1
1530019228492,18,Person Login SOAP Request,200,,Number of Users 1-296,text,true,,716,533,1,1,18,0,0
1530019228513,18,Person Login SOAP Request,200,,Number of Users 1-297,text,true,,716,533,1,1,18,0,1
1530019228532,17,Person Login SOAP Request,200,,Number of Users 1-297,text,true,,716,533,1,1,16,0,0
1530019228563,18,Person Login SOAP Request,200,,Number of Users 1-298,text,true,,716,533,1,1,18,0,1
1530019228581,14,Person Login SOAP Request,200,,Number of Users 1-298,text,true,,716,533,1,1,14,0,0
1530019228613,14,Person Login SOAP Request,200,,Number of Users 1-299,text,true,,716,533,1,1,14,0,1
1530019228628,12,Person Login SOAP Request,200,,Number of Users 1-299,text,true,,716,533,1,1,12,0,0
1530019228663,12,Person Login SOAP Request,200,,Number of Users 1-300,text,true,,716,533,1,1,12,0,1
1530019228676,12,Person Login SOAP Request,200,,Number of Users 1-300,text,true,,716,533,1,1,12,0,0
